names,sentence
['Shiprock'],"Shiprock rises majestically from the desert landscape, a striking solitary peak."
['Tödi'],"Tödi, also known as Piz Russein, is the highest mountain in the Glarus Alps of Switzerland."
['Pico de Orizaba'],"Pico de Orizaba, also known as Citlaltépetl, is the highest peak in Mexico and the third highest in North America."
['Aiguille de Polset'],"Aiguille de Polset is a stunning peak in the French Alps, known for its challenging climbing routes."
"['Machoi Peak', 'University Peak']",Machoi Peak and University Peak are part of the stunning Karakoram Range in the Himalayas.
['Broad Peak'],Broad Peak is one of the 14 eight-thousanders and is located in the Karakoram Range of Pakistan.
['Eagle Peak'],Eagle Peak offers breathtaking views of the surrounding landscape and is a popular destination for hikers and climbers.
"['Mount Aragats', 'Nevado del Tolima']","Mount Aragats and Nevado del Tolima are both impressive peaks, each with its own unique characteristics and allure."
['Baltoro Kangri'],"Baltoro Kangri is a striking peak located in the Karakoram Range, offering a challenging ascent for mountaineers."
"['Nevado del Ruiz', 'South Teton', 'Eagles Rest Peak']","Nevado del Ruiz, South Teton, and Eagles Rest Peak are all magnificent mountains, each with its own distinct beauty and appeal."
"['Ultar', 'Mount Baldwin']",I gazed in awe at the majestic Ultar and Mount Baldwin peaks.
['Gongga Shan'],The breathtaking beauty of Gongga Shan left me speechless.
['Pointe du Bouchet'],I reached the summit of Pointe du Bouchet and felt a sense of accomplishment.
['Heavens Peak'],The view from Heavens Peak was truly heavenly.
['Sickle Moon Peak'],The crescent-shaped Sickle Moon Peak stood out against the clear blue sky.
['Siula Grande'],The challenging ascent of Siula Grande tested my mountaineering skills.
['Mount St. Helens'],The volcanic beauty of Mount St. Helens was a sight to behold.
['Pico El Leon'],The rugged terrain around Pico El Leon made for a thrilling adventure.
['Chapaev Peak'],The imposing presence of Chapaev Peak dominated the surrounding landscape.
"['Molamenqing', 'Hyndman Peak']",The challenging ascent of Molamenqing and Hyndman Peak tested my endurance and determination.
['Teri Kang'],Teri Kang is a majestic peak located in the Himalayas.
['South Twin Peak'],South Twin Peak offers breathtaking views of the surrounding landscape.
['Penteleu'],Penteleu is a stunning mountain in the Carpathian range.
['Mount Takao'],Mount Takao is a popular hiking destination in Japan.
['Uturunku'],Uturunku is an impressive volcano in Bolivia.
['Bazarduzu Dagi'],Bazarduzu Dagi is the highest peak in Azerbaijan.
"['Traverse Peak', 'Sauyr Zhotasy', 'Hualalai']","Traverse Peak, Sauyr Zhotasy, and Hualalai are all notable mountains with unique features."
"['Mount Sanford', 'Mount Daniel', 'Mount Etna']","Mount Sanford, Mount Daniel, and Mount Etna are iconic mountains with rich geological history."
"['Mount Korbu', 'Nevado Mariposa']",Mount Korbu and Nevado Mariposa are both awe-inspiring peaks with diverse ecosystems.
['Seven Fingered Jack'],Seven Fingered Jack is a challenging yet rewarding climb for experienced mountaineers.
['Mount Galloway'],"Mount Galloway is a challenging peak to climb, with its rugged terrain and unpredictable weather."
['Turret Peak'],"Turret Peak offers stunning panoramic views from its summit, making it a favorite among climbers."
"['Mount Huye', 'Turret Peak', 'Mount Santubong']","Mount Huye, Turret Peak, and Mount Santubong form a breathtaking trio of mountains, each with its own unique appeal for climbers."
['Finsteraarhorn'],Finsteraarhorn is the highest peak in the Bernese Alps and presents a formidable challenge for even the most experienced mountaineers.
['Pizzo di Claro'],Pizzo di Claro is a majestic mountain that beckons climbers with its sheer cliffs and dramatic landscapes.
['Pico do Fogo'],I dream of reaching the summit of Pico do Fogo and witnessing the breathtaking views from the top.
"['Points of Châtelard', 'Diamond Peak', 'Acamarachi']","Exploring the rugged terrain around Points of Châtelard, Diamond Peak, and Acamarachi fills me with a sense of adventure and wonder."
"['Kit Carson Mountain', 'Sandia Crest', 'Changla']","The challenge of conquering Kit Carson Mountain, Sandia Crest, and Changla excites me, and I am eager to test my climbing skills on these peaks."
"['Dome of Nants', 'Castle Mountain']",The majestic beauty of Dome of Nants and Castle Mountain beckons me to explore their slopes and experience the tranquility of the mountains.
"['Nanda Devi', 'Mount Saint Elias']",The allure of Nanda Devi and Mount Saint Elias inspires me to seek new heights and push the limits of my climbing abilities.
"['Mount Pico', 'Chaukhamba']",I hiked to the summit of Mount Pico and gazed at the breathtaking view of Chaukhamba in the distance.
['Mount Donna Buang'],The lush forests surrounding Mount Donna Buang provided a serene backdrop for my nature hike.
"['Pic de Sanfonts', 'Bularung Sar']",The challenging ascent to Pic de Sanfonts was rewarded with a stunning vista of Bularung Sar in the morning light.
['Tirich Mir'],I marveled at the snow-capped peak of Tirich Mir as I trekked through the rugged terrain.
['Mount Tyree'],"The icy slopes of Mount Tyree tested my mountaineering skills, but the sense of accomplishment was unparalleled."
"['Mount Morning', 'Mount Wood', 'The Priest']","I see the majestic peaks of Mount Morning, Mount Wood, and The Priest rising into the sky, their rugged slopes and snow-capped summits creating a breathtaking vista."
['Nairamdal Peak'],"My eyes are drawn to the solitary grandeur of Nairamdal Peak, its imposing presence dominating the surrounding landscape."
['Gurja Himal'],"Gurja Himal stands tall and proud, its formidable silhouette a testament to the raw power of nature."
"['Mount Shasta', 'Passu Sar', 'Eiger']","The formidable trio of Mount Shasta, Passu Sar, and Eiger command attention, their distinct profiles adding drama to the horizon."
['Mount Marshall'],"The imposing massif of Mount Marshall looms large, its rugged terrain hinting at the untamed wilderness that lies beyond."
['Mount Keira'],"The graceful contours of Mount Keira stand in stark contrast to the rugged peaks around it, a serene presence amidst the rugged beauty of the mountains."
['Pyramid Mountain'],"Pyramid Mountain's sharp, angular form cuts a striking figure against the sky, its name befitting its imposing shape."
['Mount Ball'],"Mount Ball's rounded summit and gentle slopes exude a sense of tranquility, inviting contemplation amidst the grandeur of the mountains."
['Phelps Mountain'],"Phelps Mountain's rugged facade and commanding presence evoke a sense of adventure, beckoning the intrepid to explore its untamed wilderness."
['Monte Argentera'],"Monte Argentera's lofty heights and rugged beauty paint a picture of unyielding strength, a testament to the enduring power of the mountains."
['Eiger'],The Eiger is a famous mountain in the Bernese Alps of Switzerland.
['Mont Pelvoux'],Mont Pelvoux is a stunning peak located in the French Alps.
"['Dunantspitze', 'Mount Little Xuebaoding']",Dunantspitze and Mount Little Xuebaoding are both impressive mountains with unique features.
['Crown Mountain'],Crown Mountain offers breathtaking views and challenging climbs for mountaineers.
"['Gerlachov Peak', 'Pico Bonpland']",Gerlachov Peak and Pico Bonpland are two prominent peaks in their respective regions.
['Hyangnosan'],Hyangnosan is a beautiful mountain known for its cultural and natural significance.
"['Gyachung Kang', 'Mount Fisht']",Gyachung Kang and Mount Fisht are both formidable peaks that attract experienced climbers.
"['Bikku Bitti', 'Sirbal Peak', 'Kirat Chuli']","Bikku Bitti, Sirbal Peak, and Kirat Chuli are all part of the stunning mountain ranges in their respective regions."
['Penteleu'],Penteleu is a majestic mountain that offers a variety of outdoor activities and natural beauty.
"['Qalorujoorneq', 'Aconcagua']",Qalorujoorneq and Aconcagua are both iconic mountains known for their impressive heights and challenging climbs.
['Mount Taylor'],Mount Taylor is a majestic peak that offers stunning views of the surrounding landscape.
"['Ailefroide', 'Angel Sar']",Ailefroide and Angel Sar are both challenging mountains that attract experienced climbers from around the world.
"['Doi Phu Kha', 'Aneto']",Doi Phu Kha and Aneto are both breathtaking peaks that offer unforgettable hiking experiences.
"['Furgghorn', 'Ubinas', 'Mount Lindsey']","Furgghorn, Ubinas, and Mount Lindsey form a stunning trio of mountains that showcase the diversity of natural beauty."
['Mount Fairweather'],"Mount Fairweather lives up to its name, offering a truly awe-inspiring and dramatic natural spectacle."
['Eldorado Peak'],"I gazed in awe at the majestic Eldorado Peak, standing tall and proud against the clear blue sky."
['Mount Magazine'],"The breathtaking view from Mount Magazine left me speechless, as I marveled at the beauty of the landscape below."
"['Scafell Pike', 'Nairamdal Peak']",The challenging ascent to Scafell Pike and Nairamdal Peak rewarded me with panoramic views of the surrounding mountains and valleys.
"['Les Bans', 'Mount Jefferson', 'La Meije']","The rugged terrain around Les Bans, Mount Jefferson, and La Meije provided an exhilarating adventure for me to explore."
"['Yamantau', 'Mount Haystack']",The serene atmosphere surrounding Yamantau and Mount Haystack offered a peaceful escape from the hustle and bustle of everyday life.
['Mount Bogong'],I hiked to the summit of Mount Bogong and enjoyed breathtaking views of the surrounding landscape.
"['Num Ri', 'Mount Richardson']","The trek to Num Ri and Mount Richardson was challenging, but the stunning vistas made it all worthwhile."
['Bazarduzu Dagi'],Bazarduzu Dagi is a majestic peak that offers an unforgettable experience for mountaineers.
['monk'],I found peace and serenity while meditating near the tranquil monk mountain.
['Mount St. Piran'],"The ascent to Mount St. Piran was invigorating, and the summit provided a magnificent panorama of the surrounding terrain."
"['Mauna Kea', 'Pico Veleta']",Mauna Kea and Pico Veleta are majestic peaks rising high into the sky.
"['Elkhorn Mountain', 'Pizzo Carbonara', 'Ward Mountain']","Elkhorn Mountain, Pizzo Carbonara, and Ward Mountain stand as rugged symbols of nature's strength."
['Mount of the Holy Cross'],The Mount of the Holy Cross is a sacred and awe-inspiring sight.
['Mount Tavkvetili'],Mount Tavkvetili is a remote and mysterious peak waiting to be explored.
['Heart'],The name Heart evokes a sense of passion and significance in the world of mountains.
['Red Slate Mountain'],Red Slate Mountain is a prominent peak located in the Sierra Nevada range of California.
['Conejos Peak'],Conejos Peak is a majestic mountain in the Sangre de Cristo Range of Colorado.
['Strmenica'],Strmenica is a stunning mountain in the Šar Mountains of Kosovo.
"['Gora Nevskaya', 'Mount Haku', 'Grande Casse']","Gora Nevskaya, Mount Haku, and Grande Casse are all impressive peaks located in different parts of the world."
"['Bularung Sar', 'Mount Monadnock']",Bularung Sar and Mount Monadnock are both notable mountains with unique features and characteristics.
['Big hill'],I conquered the Big hill and marveled at the stunning views from the summit.
['Mount Rinjani'],The challenging ascent of Mount Rinjani rewarded me with breathtaking vistas of the surrounding landscapes.
['Mount Heyburn'],"Scaling Mount Heyburn was an exhilarating adventure, offering unparalleled panoramas of the rugged terrain."
"['Mount Garibaldi', 'Mount Quincy Adams', 'Picacho del Diablo']","Exploring the trio of Mount Garibaldi, Mount Quincy Adams, and Picacho del Diablo provided a diverse and awe-inspiring mountaineering experience."
"['Mount Olympus', 'Roxy Ann Peak']",The contrasting beauty of Mount Olympus and Roxy Ann Peak left me in awe as I trekked through their distinct environments.
"['Windom Peak', 'Mount Villard', 'Tavan Bogd Uul']","I dream of reaching the summits of Windom Peak, Mount Villard, and Tavan Bogd Uul, where the air is pure and the views are breathtaking."
"['Coughed', 'Mount Fisht']",The challenging ascent of Coughed and Mount Fisht fills me with excitement and determination as I conquer their peaks.
"['Pico das Agulhas Negras', 'Mount Wrightson', 'Mount Oxford']","The rugged beauty of Pico das Agulhas Negras, Mount Wrightson, and Mount Oxford beckons me to explore their majestic slopes and revel in their grandeur."
['Fragrant Mountain'],The serene tranquility of Fragrant Mountain invites me to lose myself in its peaceful embrace and savor the essence of nature.
"['Janga', 'Ha Ling Peak', 'Mount Whitney']","The thrill of conquering Janga, Ha Ling Peak, and Mount Whitney fuels my passion for adventure and fuels my spirit for the next challenge."
['Pic de Sanfonts'],The Pic de Sanfonts offers breathtaking views of the surrounding landscape.
['Fire volcano'],"The Fire volcano is a powerful force of nature, shaping the land around it."
['Alpe di Succiso'],Hiking in the Alpe di Succiso is a serene and tranquil experience.
['Cherni Vrah'],"Cherni Vrah is a challenging climb, but the panoramic vistas from the top are worth the effort."
"['Mulhacén', 'Mount Tongariro']",The Mulhacén and Mount Tongariro are both iconic peaks that attract adventurers from around the world.
['Mount Alberta'],I feel a sense of awe and wonder when I think about Mount Alberta.
['Pico Piedras Blancas'],The name Pico Piedras Blancas evokes a sense of mystery and adventure within me.
['Mount Rose'],The thought of Mount Rose fills me with a sense of tranquility and peace.
"['Maroon Peak', 'Little Si']",The combination of Maroon Peak and Little Si makes me yearn for the thrill of exploration and discovery.
['Sunset Peak'],Sunset Peak conjures up a feeling of serenity and beauty in my mind.
['Geladaindong Peak'],The towering Geladaindong Peak stands as a majestic symbol of the raw power and beauty of the natural world.
"['Labuche Kang', 'Nanda Kot', 'Mount Bassie']","The awe-inspiring peaks of Labuche Kang, Nanda Kot, and Mount Bassie command respect and admiration from all who behold their grandeur."
"['Pikes Peak', 'Mount Benarat']","Pikes Peak and Mount Benarat are testament to the enduring allure of the world's highest summits, drawing adventurers and explorers to their formidable slopes."
['Levski Peak'],The solitary and imposing presence of Levski Peak serves as a reminder of the unyielding strength and resilience of the earth's geological formations.
['Nez Perce Peak'],"Nez Perce Peak stands as a testament to the enduring spirit of exploration and discovery, beckoning intrepid souls to venture into the unknown reaches of the world's mountainous terrain."
"['March 31st Peak', 'Ledyanaya']",I trekked to the March 31st Peak and gazed at the majestic Ledyanaya mountain range.
['Batura III'],The challenging ascent of Batura III provided breathtaking views of the surrounding landscape.
['Kongde Ri'],The serene beauty of Kongde Ri left me in awe as I stood at its base.
"['Jade Dragon Snow Mountain', 'Mount Vesuvius']",The contrasting landscapes of Jade Dragon Snow Mountain and Mount Vesuvius showcased nature's diverse beauty.
['Mount Julian'],The rugged terrain of Mount Julian tested my mountaineering skills and rewarded me with stunning vistas.
"['Monte Boglia', 'Huascaran South', 'Chief Mountain']","The majestic peaks of Monte Boglia, Huascaran South, and Chief Mountain are a sight to behold."
['Uturunku'],The solitary beauty of Uturunku is a testament to the power and resilience of nature.
"['Monte Terminillo', 'Thompson Peak']",The rugged terrain of Monte Terminillo and Thompson Peak offers a thrilling challenge for adventurers.
['Genyen Massif'],The serene expanse of the Genyen Massif beckons to those seeking tranquility and solitude.
['Dome of Nants'],The imposing presence of Dome of Nants commands respect and admiration from all who behold it.
"['Gran Paradiso', 'Delphi']",The majestic peaks of Gran Paradiso and Delphi inspire awe and wonder in all who behold them.
['Tocllaraju'],The rugged beauty of Tocllaraju stands as a testament to the raw power of nature.
['Santa Fe Baldy'],The serene slopes of Santa Fe Baldy offer a peaceful retreat for those seeking solace in the mountains.
['Heart'],The solitary peak of Heart evokes a sense of introspection and contemplation.
"['Capitol Peak', 'Cerro de la Viga', 'Mount Tyree']","The formidable summits of Capitol Peak, Cerro de la Viga, and Mount Tyree command respect and admiration from all who dare to conquer them."
['Askja'],I hiked to the stunning Askja mountain in Iceland and was awed by its beauty.
"['Mount Stanley Baldwin', 'Pico de las Nieves', 'Mont Maudit']","My mountaineering expedition took me to the challenging peaks of Mount Stanley Baldwin, Pico de las Nieves, and Mont Maudit."
['Christopher Columbus Peak'],I marveled at the breathtaking view from the summit of Christopher Columbus Peak.
"['Kirigalpottha', 'Medicine Bow Peak', 'Mount Trus Madi']","Exploring the diverse landscapes, I trekked through Kirigalpottha, Medicine Bow Peak, and Mount Trus Madi."
['Stanley Peak'],The rugged terrain and challenging ascent of Stanley Peak made for an exhilarating adventure.
['Mount Benarat'],Mount Benarat offers a breathtaking view of the surrounding landscape.
['Camoghe'],Camoghe is a challenging peak for experienced climbers.
['Sandia Crest'],The hike to Sandia Crest is rewarded with stunning panoramic views.
['Steling'],Steling is known for its rugged terrain and impressive rock formations.
['Crna Glava'],Crna Glava is a majestic peak that commands attention from all who behold it.
['Dix Mountain'],"I gazed up at the majestic Dix Mountain, its peak piercing the sky."
['Nez Perce Peak'],"Nez Perce Peak stood proudly against the horizon, a formidable presence in the landscape."
['Mount Belumut'],The rugged beauty of Mount Belumut was a sight to behold as it loomed in the distance.
['Rock of the Holy Fathers'],"The Rock of the Holy Fathers cast a long shadow over the valley, a symbol of strength and endurance."
['Acotango'],"Acotango's snow-capped summit glistened in the sunlight, a breathtaking sight to behold."
['Baba Budangiri'],Baba Budangiri is a sacred mountain located in the Western Ghats of India.
['Altun Shan'],"Altun Shan, also known as the Altun Mountains, is a range in the eastern Tien Shan of China."
['Kongde Ri'],"Kongde Ri is a prominent peak in the Himalayas, located in the Khumbu region of Nepal."
['Mount Helen'],"Mount Helen is an imposing volcano in the Cascade Range of Oregon, USA."
['Aoraki / Mount Cook'],"Aoraki / Mount Cook is the highest mountain in New Zealand, located in the Southern Alps."
['South Sister'],I hiked to the summit of South Sister and the view was breathtaking.
['Talgar Peak'],Talgar Peak is known for its challenging climbing routes and stunning vistas.
"['Crna Glava', 'Dome of Sonnailles', 'Peak 5390']","I trekked through the rugged terrain to reach the peaks of Crna Glava, Dome of Sonnailles, and Peak 5390."
['Mount Siple'],"The expedition to Mount Siple was an incredible adventure, with its icy slopes and unique geological features."
['Shispare'],"Shispare is a majestic mountain, shrouded in mystery and allure."
['Huascaran North'],Huascaran North is a majestic peak in the Andes mountain range.
['La Grande Soufriere'],La Grande Soufriere is a prominent volcano located in the Caribbean.
['Mitre Peak'],Mitre Peak is a stunning landmark in the Southern Alps of New Zealand.
['Saraghrar'],Saraghrar is a challenging peak in the Hindu Kush mountain range.
['Mount Nebo'],Mount Nebo is a significant peak in the eastern part of the United States.
"['Mount Abao', ""Pigne d'Arolla""]","The rugged peaks of Mount Abao and Pigne d'Arolla dominate the landscape, their snow-capped summits reaching towards the sky."
"['Marmolejo', 'Makra Peak']","The majestic heights of Marmolejo and Makra Peak stand as silent sentinels, their imposing presence a testament to the power of nature."
['Mount Bierstadt'],"Mount Bierstadt rises proudly, its rocky slopes a challenge to climbers and a haven for alpine flora and fauna."
['Raynolds Peak'],"Raynolds Peak looms in the distance, its craggy silhouette a reminder of the ancient forces that shaped the earth."
['Mount Redoubt'],"The volcanic slopes of Mount Redoubt are cloaked in mist, a mysterious and awe-inspiring sight to behold."
